analysis,tissue,region,sample_id,group,count_file,count_column,include
kidney,kidney,kidney,wxj7,JS,data/external_controlled/bulk/kidney/ftcount/wxjk7.txt,7,TRUE
kidney,kidney,kidney,wxj9,JS,data/external_controlled/bulk/kidney/ftcount/wxjk9.txt,7,TRUE
kidney,kidney,kidney,lyk10,JS,data/external_controlled/bulk/kidney/ftcount/lyk10.txt,7,TRUE
kidney,kidney,kidney,lyk12,JS,data/external_controlled/bulk/kidney/ftcount/lyk12.txt,7,TRUE
kidney,kidney,kidney,lyk9,JS,data/external_controlled/bulk/kidney/ftcount/lyk9.txt,7,TRUE
kidney,kidney,kidney,yhk2_3,JS,data/external_controlled/bulk/kidney/ftcount/yhk2_3.txt,7,TRUE
kidney,kidney,kidney,lhk1,JS,data/external_controlled/bulk/kidney/ftcount/lhk1_7_1.txt,7,TRUE
kidney,kidney,kidney,lhk2,JS,data/external_controlled/bulk/kidney/ftcount/lhk1_7_2.txt,7,TRUE
kidney,kidney,kidney,GSC1_4,ctrl,data/external_controlled/bulk/kidney/ftcount/GSC1_4.txt,7,TRUE
kidney,kidney,kidney,GSC1_5,ctrl,data/external_controlled/bulk/kidney/ftcount/GSC1_5.txt,7,TRUE
kidney,kidney,kidney,GSC2_1,ctrl,data/external_controlled/bulk/kidney/ftcount/GSC2_4_1.txt,7,TRUE
kidney,kidney,kidney,GSC2_2,ctrl,data/external_controlled/bulk/kidney/ftcount/GSC2_4_2.txt,7,TRUE
kidney,kidney,kidney,GSC3_1,ctrl,data/external_controlled/bulk/kidney/ftcount/GSC3_3_1.txt,7,TRUE
kidney,kidney,kidney,GSC3_2,ctrl,data/external_controlled/bulk/kidney/ftcount/GSC3_3_2.txt,7,TRUE
kidney,kidney,kidney,GSC4_1,ctrl,data/external_controlled/bulk/kidney/ftcount/GSC4_4_1.txt,7,TRUE
kidney,kidney,kidney,GSC4_2,ctrl,data/external_controlled/bulk/kidney/ftcount/GSC4_4_2.txt,7,TRUE
cerebellum,cerebellum,cerebellum,ctr1,ctrl,data/external_controlled/bulk/cerebellum/ftcount/ctr1.txt,7,TRUE
cerebellum,cerebellum,cerebellum,ctr2,ctrl,data/external_controlled/bulk/cerebellum/ftcount/ctr2.txt,7,TRUE
cerebellum,cerebellum,cerebellum,ctr3,ctrl,data/external_controlled/bulk/cerebellum/ftcount/ctr3.txt,7,TRUE
cerebellum,cerebellum,cerebellum,G5H14,JS,data/external_controlled/bulk/cerebellum/ftcount/G5H14.txt,7,TRUE
cerebellum,cerebellum,cerebellum,G5H4,JS,data/external_controlled/bulk/cerebellum/ftcount/G5H4.txt,7,TRUE
cerebellum,cerebellum,cerebellum,G5v11,JS,data/external_controlled/bulk/cerebellum/ftcount/G5v11.txt,7,TRUE
cerebellum,cerebellum,cerebellum,G5v2,JS,data/external_controlled/bulk/cerebellum/ftcount/G5v2.txt,7,TRUE
cerebellum,cerebellum,cerebellum,G6ceb13,ctrl,data/external_controlled/bulk/cerebellum/ftcount/G6ceb13.txt,7,TRUE
cerebellum,cerebellum,cerebellum,G6ceb7,ctrl,data/external_controlled/bulk/cerebellum/ftcount/G6ceb7.txt,7,TRUE
cerebellum,cerebellum,cerebellum,G7ceb_42,ctrl,data/external_controlled/bulk/cerebellum/ftcount/G7ceb_42.txt,7,TRUE
cerebellum,cerebellum,cerebellum,G7Seb_32,ctrl,data/external_controlled/bulk/cerebellum/ftcount/G7Seb_32.txt,7,TRUE
cerebellum,cerebellum,cerebellum,jmy_11,ctrl,data/external_controlled/bulk/cerebellum/ftcount/jmy_11.txt,7,TRUE
cerebellum,cerebellum,cerebellum,jmy1,ctrl,data/external_controlled/bulk/cerebellum/ftcount/jmy1.txt,7,TRUE
cerebellum,cerebellum,cerebellum,jmy2,ctrl,data/external_controlled/bulk/cerebellum/ftcount/jmy2.txt,7,TRUE
cerebellum,cerebellum,cerebellum,jmy48,ctrl,data/external_controlled/bulk/cerebellum/ftcount/jmy48.txt,7,TRUE
cerebellum,cerebellum,cerebellum,JS,JS,data/external_controlled/bulk/cerebellum/ftcount/JS.txt,7,TRUE
cerebellum,cerebellum,cerebellum,LDC18,ctrl,data/external_controlled/bulk/cerebellum/ftcount/LDC18.txt,7,TRUE
cerebellum,cerebellum,cerebellum,LDC35,ctrl,data/external_controlled/bulk/cerebellum/ftcount/LDC35.txt,7,TRUE
cerebellum,cerebellum,cerebellum,ly1ceb4,JS,data/external_controlled/bulk/cerebellum/ftcount/ly1ceb4.txt,7,TRUE
cerebellum,cerebellum,cerebellum,ly1ceb8,JS,data/external_controlled/bulk/cerebellum/ftcount/ly1ceb8.txt,7,TRUE
cerebellum,cerebellum,cerebellum,LYH1_13,JS,data/external_controlled/bulk/cerebellum/ftcount/LYH1_13.txt,7,TRUE
cerebellum,cerebellum,cerebellum,LYH1_14,JS,data/external_controlled/bulk/cerebellum/ftcount/LYH1_14.txt,7,TRUE
cerebellum,cerebellum,cerebellum,LYV1_11,JS,data/external_controlled/bulk/cerebellum/ftcount/LYV1_11.txt,7,TRUE
cerebellum,cerebellum,cerebellum,LYV1_5,JS,data/external_controlled/bulk/cerebellum/ftcount/LYV1_5.txt,7,TRUE
cerebellum,cerebellum,cerebellum,N5_1,ctrl,data/external_controlled/bulk/cerebellum/ftcount/N5_1.txt,7,TRUE
cerebellum,cerebellum,cerebellum,N5_2,ctrl,data/external_controlled/bulk/cerebellum/ftcount/N5_2.txt,7,TRUE
cerebellum,cerebellum,cerebellum,wxj1,JS,data/external_controlled/bulk/cerebellum/ftcount/wxj1.txt,7,TRUE
cerebellum,cerebellum,cerebellum,wxj2,JS,data/external_controlled/bulk/cerebellum/ftcount/wxj2.txt,7,TRUE
cerebellum,cerebellum,cerebellum,zjj1,JS,data/external_controlled/bulk/cerebellum/ftcount/zjj1.txt,7,TRUE
cerebellum,cerebellum,cerebellum,zjj2,JS,data/external_controlled/bulk/cerebellum/ftcount/zjj2.txt,7,TRUE
cerebellum,cerebellum,cerebellum,zjj3,JS,data/external_controlled/bulk/cerebellum/ftcount/zjj3.txt,7,TRUE
cerebellum,cerebellum,cerebellum,zjj4,JS,data/external_controlled/bulk/cerebellum/ftcount/zjj4.txt,7,TRUE
frontal_lobe,PFC,frontal_lobe,jmy3,ctrl,data/external_controlled/bulk/PFC/03.ftcount/jmy3.txt,7,TRUE
frontal_lobe,PFC,frontal_lobe,LY1C,JS,data/external_controlled/bulk/PFC/03.ftcount/LY1C.txt,7,TRUE
frontal_lobe,PFC,frontal_lobe,LY1FC,JS,data/external_controlled/bulk/PFC/03.ftcount/LY1FC.txt,7,TRUE
frontal_lobe,PFC,frontal_lobe,LY2C,JS,data/external_controlled/bulk/PFC/03.ftcount/LY2C.txt,7,TRUE
frontal_lobe,PFC,frontal_lobe,LY2FC,JS,data/external_controlled/bulk/PFC/03.ftcount/LY2FC.txt,7,TRUE
frontal_lobe,PFC,frontal_lobe,NJFC,ctrl,data/external_controlled/bulk/PFC/03.ftcount/NJFC.txt,7,TRUE
frontal_lobe,PFC,frontal_lobe,prFC,ctrl,data/external_controlled/bulk/PFC/03.ftcount/prFC.txt,7,TRUE
frontal_lobe,PFC,frontal_lobe,wxjFC,JS,data/external_controlled/bulk/PFC/03.ftcount/wxjFC.txt,7,TRUE
frontal_lobe,PFC,frontal_lobe,wxsFC,ctrl,data/external_controlled/bulk/PFC/03.ftcount/wxsFC.txt,7,TRUE
frontal_lobe,PFC,frontal_lobe,wyhFC,JS,data/external_controlled/bulk/PFC/03.ftcount/wyhFC.txt,7,TRUE
frontal_lobe,PFC,frontal_lobe,zjjFC,JS,data/external_controlled/bulk/PFC/03.ftcount/zjjFC.txt,7,TRUE
occipital_lobe,PFC,occipital_lobe,jmyC,ctrl,data/external_controlled/bulk/PFC/03.ftcount/jmyC.txt,7,TRUE
occipital_lobe,PFC,occipital_lobe,LY1OL,JS,data/external_controlled/bulk/PFC/03.ftcount/LY1OL.txt,7,TRUE
occipital_lobe,PFC,occipital_lobe,LY2OL,JS,data/external_controlled/bulk/PFC/03.ftcount/LY2OL.txt,7,TRUE
occipital_lobe,PFC,occipital_lobe,NJOL,ctrl,data/external_controlled/bulk/PFC/03.ftcount/NJOL.txt,7,TRUE
occipital_lobe,PFC,occipital_lobe,prOL,ctrl,data/external_controlled/bulk/PFC/03.ftcount/prOL.txt,7,TRUE
occipital_lobe,PFC,occipital_lobe,wxjOL,JS,data/external_controlled/bulk/PFC/03.ftcount/wxjOL.txt,7,TRUE
occipital_lobe,PFC,occipital_lobe,wxsOL,ctrl,data/external_controlled/bulk/PFC/03.ftcount/wxsOL.txt,7,TRUE
occipital_lobe,PFC,occipital_lobe,wyhOL,JS,data/external_controlled/bulk/PFC/03.ftcount/wyhOL.txt,7,TRUE
occipital_lobe,PFC,occipital_lobe,zjjOL,JS,data/external_controlled/bulk/PFC/03.ftcount/zjjOL.txt,7,TRUE
